{"cameraMode":{"drawMode":0,"name":"Shaded","section":"Shading Mode"},"sceneLighting":false,"audioPlay":false,"sceneViewState":{"m_AlwaysRefresh":false,"showFog":true,"showSkybox":false,"showFlares":true,"showImageEffects":true,"showParticleSystems":true,"showVisualEffectGraphs":true,"m_FxEnabled":true},"in2DMode":false,"pivot":{"x":-3.120619297027588,"y":0.44603532552719118,"z":-7.0278849601745609},"rotation":{"x":-0.3328839838504791,"y":0.20172540843486787,"z":-0.06705430895090103,"w":-0.9193444848060608},"size":1.3525874614715577,"orthographic":false}