{"cameraMode":{"drawMode":0,"name":"Shaded","section":"Shading Mode"},"sceneLighting":false,"audioPlay":false,"sceneViewState":{"m_AlwaysRefresh":false,"showFog":true,"showSkybox":false,"showFlares":true,"showImageEffects":true,"showParticleSystems":true,"showVisualEffectGraphs":true,"m_FxEnabled":true},"in2DMode":false,"pivot":{"x":-0.00024965405464172363,"y":0.012701937928795815,"z":0.0002911984920501709},"rotation":{"x":0.3864491581916809,"y":-0.1960131973028183,"z":0.07812857627868653,"w":0.898451566696167},"size":0.14652793109416963,"orthographic":false}